Key,ShortKey,Source,Row,Module,Field,Character,CN,EN,RU,ES,JP,KR,FR,DE,PT,TH,IN,VI
,,,,,,,,,,,,,,,,,,
RelicConfig_55847_Name,aJyD,z造物_RelicConfig_A.csv,279,RelicConfig,Name,,<RedQuality:☆模拟战造物☆>,<RedQuality:☆Simulation Relic☆>,<RedQuality:☆Симуляция боя создание☆>,<RedQuality:☆Creación de batalla simulada☆>,<RedQuality:☆シミュレーションバトルつくりもの☆>,<RedQuality:☆모의전 조물☆>,<RedQuality:☆Création de simulation☆>,<RedQuality:☆Simulationsartefakt☆>,<RedQuality:☆Criação de Batalha Simulada☆>,<RedQuality:☆สนามจำลองสิ่งสร้าง☆>,<RedQuality:☆Relik☆>,<RedQuality:☆Chiến Trường Giả Lập☆>
RelicConfig_55847_Desc,aJyC,z造物_RelicConfig_A.csv,279,RelicConfig,Desc,,模拟战标准造物7件套,Simulated Battle Standard Relic Set of 7,Симуляция боя стандартный комплект из 7 созданий,Set estándar de simulación 7 piezas,シミュレーションバトル標準つくりもの7点セット,모의전 표준 조물주 7세트,Simulation Set de 7 Artefacts Standards,Simulationskampf Standard-Set 7,Conjunto de 7 Itens Padrão,ชุดอุปกรณ์มาตรฐานสำหรับสนามจำลอง 7 ชิ้น สิ่งสร้าง,Set Standar Pertempuran Simulasi 7 Relik,Bộ trang bị chuẩn mực 7 món vật phẩm sáng tạo cho trận mô phỏng
RelicConfig_55847_BattleDesc,aJyB,z造物_RelicConfig_A.csv,279,RelicConfig,BattleDesc,,模拟战标准造物7件套,Simulated Battle Standard Relic Set of 7,Симуляция боя стандартный комплект из 7 созданий,Set estándar de simulación 7 piezas,シミュレーションバトル標準つくりもの7点セット,모의전 표준 조물주 7세트,Simulation Set de 7 Artefacts Standards,Simulationskampf Standard-Set 7,Conjunto de 7 Itens Padrão,ชุดอุปกรณ์มาตรฐานสำหรับสนามจำลอง 7 ชิ้น สิ่งสร้าง,Set Standar Pertempuran Simulasi 7 Relik,Bộ trang bị chuẩn mực 7 món vật phẩm sáng tạo cho trận mô phỏng
RelicConfig_55847_StoryDesc,aJyE,z造物_RelicConfig_A.csv,279,RelicConfig,StoryDesc,,在奇异的纪元中，花朵才是人类的第一观赏者。\n不要动弹，祂们更偏爱安静的展品。,"In the strange era, flowers are humanity's primary spectators.\nStay still; they prefer quiet exhibits.","В странный эоне цветы были первыми наблюдателями человека.\nНе надо двигаться, они больше любят спокойные экспонаты.","En la era extraña, las flores eran los primeros espectadores de la humanidad.\nNo te muevas, prefieren las exhibiciones tranquilas",不思議な紀元において、花々こそが人類の最初の鑑賞者である。\n動かないでください、彼らは静かな展示品をより好む。,"기묘한 시대에서 꽃이야말로 인간의 첫 번째 관상자였다. \n움직이지 마세요, 그들은 조용한 전시물을 더 선호합니다.","Dans l'ère étrange, les fleurs sont les premiers spectateurs des humains.\nNe bouge pas, elles préfèrent les expositions calmes","In seltsamen Epochen sind Blumen die ersten Beobachter der Menschheit.\nBeweg dich nicht, sie bevorzugen ruhige Ausstellungsstücke","Na era estranha, as flores eram os primeiros espectadores da humanidade.\nNão se mova, elas preferem exposições silenciosas",ในยุคมหัศจรรย์ ดอกไม้คือผู้ชมรายแรกของมนุษย์\nอย่าขยับตัว พวกเขาชอบความสงบ,"Di era yang aneh, bunga adalah penonton pertama bagi manusia.\nJangan bergerak, mereka lebih menyukai objek pameran yang tenang.","Trong kỷ nguyên kỳ lạ, hoa mới là những người ngắm nhìn đầu tiên của loài người.\nĐừng động đậy, Họ thích những tác phẩm trưng bày yên tĩnh hơn."
RelicConfig_59687_Name,aJAj,z造物_RelicConfig_A.csv,280,RelicConfig,Name,,<RedQuality:☆模拟战造物☆>,<RedQuality:☆Simulation Relic☆>,<RedQuality:☆Симуляция боя создание☆>,<RedQuality:☆Creación de batalla simulada☆>,<RedQuality:☆シミュレーションバトルつくりもの☆>,<RedQuality:☆모의전 조물☆>,<RedQuality:☆Création de simulation☆>,<RedQuality:☆Simulationsartefakt☆>,<RedQuality:☆Criação de Batalha Simulada☆>,<RedQuality:☆สนามจำลองสิ่งสร้าง☆>,<RedQuality:☆Relik☆>,<RedQuality:☆Chiến Trường Giả Lập☆>
RelicConfig_59687_Desc,aJAi,z造物_RelicConfig_A.csv,280,RelicConfig,Desc,,模拟战标准造物7件套,Simulated Battle Standard Relic Set of 7,Симуляция боя стандартный комплект из 7 созданий,Set estándar de simulación 7 piezas,シミュレーションバトル標準つくりもの7点セット,모의전 표준 조물주 7세트,Simulation Set de 7 Artefacts Standards,Simulationskampf Standard-Set 7,Conjunto de 7 Itens Padrão,ชุดอุปกรณ์มาตรฐานสำหรับสนามจำลอง 7 ชิ้น สิ่งสร้าง,Set Standar Pertempuran Simulasi 7 Relik,Bộ trang bị chuẩn mực 7 món vật phẩm sáng tạo cho trận mô phỏng
RelicConfig_59687_BattleDesc,aJAh,z造物_RelicConfig_A.csv,280,RelicConfig,BattleDesc,,模拟战标准造物7件套,Simulated Battle Standard Relic Set of 7,Симуляция боя стандартный комплект из 7 созданий,Set estándar de simulación 7 piezas,シミュレーションバトル標準つくりもの7点セット,모의전 표준 조물주 7세트,Simulation Set de 7 Artefacts Standards,Simulationskampf Standard-Set 7,Conjunto de 7 Itens Padrão,ชุดอุปกรณ์มาตรฐานสำหรับสนามจำลอง 7 ชิ้น สิ่งสร้าง,Set Standar Pertempuran Simulasi 7 Relik,Bộ trang bị chuẩn mực 7 món vật phẩm sáng tạo cho trận mô phỏng
RelicConfig_59687_StoryDesc,aJAk,z造物_RelicConfig_A.csv,280,RelicConfig,StoryDesc,,在奇异的纪元中，花朵才是人类的第一观赏者。\n不要动弹，祂们更偏爱安静的展品。,"In the strange era, flowers are humanity's primary spectators.\nStay still; they prefer quiet exhibits.","В странный эоне цветы были первыми наблюдателями человека.\nНе надо двигаться, они больше любят спокойные экспонаты.","En la era extraña, las flores eran los primeros espectadores de la humanidad.\nNo te muevas, prefieren las exhibiciones tranquilas",不思議な紀元において、花々こそが人類の最初の鑑賞者である。\n動かないでください、彼らは静かな展示品をより好む。,"기묘한 시대에서 꽃이야말로 인간의 첫 번째 관상자였다. \n움직이지 마세요, 그들은 조용한 전시물을 더 선호합니다.","Dans l'ère étrange, les fleurs sont les premiers spectateurs des humains.\nNe bouge pas, elles préfèrent les expositions calmes","In seltsamen Epochen sind Blumen die ersten Beobachter der Menschheit.\nBeweg dich nicht, sie bevorzugen ruhige Ausstellungsstücke","Na era estranha, as flores eram os primeiros espectadores da humanidade.\nNão se mova, elas preferem exposições silenciosas",ในยุคมหัศจรรย์ ดอกไม้คือผู้ชมรายแรกของมนุษย์\nอย่าขยับตัว พวกเขาชอบความสงบ,"Di era yang aneh, bunga adalah penonton pertama bagi manusia.\nJangan bergerak, mereka lebih menyukai objek pameran yang tenang.","Trong kỷ nguyên kỳ lạ, hoa mới là những người ngắm nhìn đầu tiên của loài người.\nĐừng động đậy, Họ thích những tác phẩm trưng bày yên tĩnh hơn."
,,,,,,,,,,,,,,,,,,
RelicConfig_67822_Name,aJCP,z造物_RelicConfig_A.csv,334,RelicConfig,Name,,<OrangeQuality:「万象门扉α」>,"<OrangeQuality:""Gateway of All Realms α"">",<OrangeQuality:《Врата Тысячи Образов α》>,<OrangeQuality:「Puerta del Infinito α」>,<OrangeQuality:「万象の扉α」>,<OrangeQuality:“만상문α”>,"<OrangeQuality: ""Porte de l'univers α"">",<OrangeQuality:「Mundator-Tür α」>,<OrangeQuality:「Portal dos Mil Aspectos α」>,<OrangeQuality:「ประตูสี่หมื่นโลกα」>,<OrangeQuality:「Pintu Myriade Duniaα」>,<OrangeQuality:「Cánh cửa Muôn Hình α」>
RelicConfig_67822_Desc,aJCO,z造物_RelicConfig_A.csv,334,RelicConfig,Desc,,战斗开始时，算力上限+1，觉醒所有唤醒体。回合开始时，随机发现一个「造物」或「支援」，共发现五次。,"At the start of battle, Arithmetica Limit +1, Rouse all Awakeners. At turn start, randomly discover a ""Relic "" or ""Support"", for a total of five discoveries.","Бой начинается, предел вычислительной мощности +1, пробуждение всех пробуждающих тел. В начале хода случайно обнаружить одно 《создание》 или 《поддержку》, всего обнаружить пять раз.","Al comenzar la batalla, el límite de aritmética +1, despierta a todos los despertadores. Al inicio de cada turno, descubre aleatoriamente una ""reliquia"" o ""apoyo"", por un total de cinco veces",バトル開始時、計算力上限＋1、すべての覚醒体を覚醒。ターン開始時、ランダムで「つくりもの」または「支援」を発見し、合計5回発見する。,"전투 시작 시, 산출력 상한 +1, 모든 웨이크업 바디를 각성. 턴 시작 시, “조물주” 또는 “지원” 중 하나를 무작위로 발견, 총 5번 발견.","Au début du combat, le plafond de l'arithmétique +1, réveillez tous les réveilleurs. Au début du tour, découvrez une « relique » ou « soutien » au hasard, découvrir un total de cinq fois","Zu Beginn des Kampfes erhöht sich das Arithmetica-Limit um 1, alle Erwecker werden erweckt. Zu Beginn der Runde findet zufällig 5 Mal einen ""Relikt"" oder ""Unterstützung""","Ao início da batalha, o limite de aritmética +1, desperte todos os despertadores. No início do turno, descubra aleatoriamente uma「reliquia」ou「apoio」, totalizando cinco descobertas",เมื่อการต่อสู้เริ่มต้น พลังการคำนวณสูงสุด +1 และการตื่นรู้ทั้งหมดของร่างกายที่ตื่นขึ้น เมื่อรอบเริ่มต้น จะได้รับการค้นพบแบบสุ่ม「สิ่งสร้าง」หรือ「การสนับสนุน」 รวมทั้งหมด 5 ครั้ง。,"Pada awal pertempuran, batas aritmetika +1, bangun semua pembangun. Pada awal giliran, temukan secara acak satu 「relik」 atau 「dukungan」, total ditemukan lima kali.","Khi bắt đầu chiến đấu, giới hạn sức tính toán +1, thức tỉnh tất cả thân thể được đánh thức. Khi bắt đầu lượt, ngẫu nhiên phát hiện một 「sáng tạo」 hoặc 「hỗ trợ」, tổng cộng phát hiện năm lần."
RelicConfig_67822_BattleDesc,aJCN,z造物_RelicConfig_A.csv,334,RelicConfig,BattleDesc,,战斗开始时，算力上限+1，觉醒所有唤醒体。回合开始时，随机发现一个「造物」或「支援」，共发现五次。,"At the start of battle, Arithmetica Limit +1, Rouse all Awakeners. At turn start, randomly Discover a ""Relic"" or ""Support"", up to 5 times.","Бой начинается, предел вычислительной мощности +1, пробуждение всех пробуждающих тел. В начале хода случайно обнаружить одно 《создание》 или 《поддержку》, всего обнаружить пять раз.","Al comenzar la batalla, el límite de aritmética +1, despierta a todos los despertadores. Al inicio de cada turno, descubre aleatoriamente una ""reliquia"" o ""apoyo"", por un total de cinco veces",バトル開始時、計算力上限＋1、すべての覚醒体を覚醒。ターン開始時、ランダムで「つくりもの」または「支援」を発見し、合計5回発見する。,"전투 시작 시, 산출력 상한 +1, 모든 웨이크업 바디를 각성. 턴 시작 시, “조물주” 또는 “지원” 중 하나를 무작위로 발견, 총 5번 발견.","Au début du combat, le plafond de l'arithmétique +1, réveillez tous les réveilleurs. Au début du tour, découvrez une « relique » ou « soutien » au hasard, découvrir un total de cinq fois","Zu Beginn des Kampfes erhöht sich das Arithmetica-Limit um 1, alle Erwecker werden erweckt. Zu Beginn der Runde findet zufällig 5 Mal einen ""Relikt"" oder ""Unterstützung""","Ao início da batalha, o limite de aritmética +1, desperte todos os despertadores. No início do turno, descubra aleatoriamente uma「reliquia」ou「apoio」, totalizando cinco descobertas",เมื่อการต่อสู้เริ่มต้น พลังการคำนวณสูงสุด +1 และการตื่นรู้ทั้งหมดของร่างกายที่ตื่นขึ้น เมื่อรอบเริ่มต้น จะได้รับการค้นพบแบบสุ่ม「สิ่งสร้าง」หรือ「การสนับสนุน」 รวมทั้งหมด 5 ครั้ง。,"Pada awal pertempuran, batas aritmetika +1, bangun semua pembangun. Pada awal giliran, temukan secara acak satu 「relik」 atau 「dukungan」, total ditemukan lima kali.","Khi bắt đầu chiến đấu, giới hạn sức tính toán +1, thức tỉnh tất cả thân thể được đánh thức. Khi bắt đầu lượt, ngẫu nhiên phát hiện một 「sáng tạo」 hoặc 「hỗ trợ」, tổng cộng phát hiện năm lần."
RelicConfig_67825_Name,aJDb,z造物_RelicConfig_A.csv,335,RelicConfig,Name,,<OrangeQuality:「万象门扉β」>,"<OrangeQuality:""Gateway of All Realms β"">",<OrangeQuality:《Врата Тысячи Образов β》>,<OrangeQuality:「Puerta del Infinito β」>,<OrangeQuality:「万象の扉β」>,<OrangeQuality:“만상문β”>,"<OrangeQuality: ""Porte de l'univers β"">",<OrangeQuality:「Mundator-Tür β」>,<OrangeQuality:「Portal dos Mil Aspectos β」>,<OrangeQuality:「ประตูแห่งสรรพสิ่งβ」>,<OrangeQuality:「Pintu Sepuluh Ribu Duniaβ」>,<OrangeQuality:「Cánh Cửa Đa Trạngβ」>
RelicConfig_67825_Desc,aJDa,z造物_RelicConfig_A.csv,335,RelicConfig,Desc,,战斗开始时，算力上限+1，觉醒所有唤醒体。回合开始时，随机发现一个「造物」或「支援」，共发现五次。,"At the start of battle, Arithmetica Limit +1, Rouse all Awakeners. At turn start, randomly discover a ""Relic "" or ""Support"", for a total of five discoveries.","Бой начинается, предел вычислительной мощности +1, пробуждение всех пробуждающих тел. В начале хода случайно обнаружить одно 《создание》 или 《поддержку》, всего обнаружить пять раз.","Al comenzar la batalla, el límite de aritmética +1, despierta a todos los despertadores. Al inicio de cada turno, descubre aleatoriamente una ""reliquia"" o ""apoyo"", por un total de cinco veces",バトル開始時、計算力上限＋1、すべての覚醒体を覚醒。ターン開始時、ランダムで「つくりもの」または「支援」を発見し、合計5回発見する。,"전투 시작 시, 산출력 상한 +1, 모든 웨이크업 바디를 각성. 턴 시작 시, “조물주” 또는 “지원” 중 하나를 무작위로 발견, 총 5번 발견.","Au début du combat, le plafond de l'arithmétique +1, réveillez tous les réveilleurs. Au début du tour, découvrez une « relique » ou « soutien » au hasard, découvrir un total de cinq fois","Zu Beginn des Kampfes erhöht sich das Arithmetica-Limit um 1, alle Erwecker werden erweckt. Zu Beginn der Runde findet zufällig 5 Mal einen ""Relikt"" oder ""Unterstützung""","Ao início da batalha, o limite de aritmética +1, desperte todos os despertadores. No início do turno, descubra aleatoriamente uma「reliquia」ou「apoio」, totalizando cinco descobertas",เมื่อการต่อสู้เริ่มต้น พลังการคำนวณสูงสุด +1 และการตื่นรู้ทั้งหมดของร่างกายที่ตื่นขึ้น เมื่อรอบเริ่มต้น จะได้รับการค้นพบแบบสุ่ม「สิ่งสร้าง」หรือ「การสนับสนุน」 รวมทั้งหมด 5 ครั้ง。,"Pada awal pertempuran, batas aritmetika +1, bangun semua pembangun. Pada awal giliran, temukan secara acak satu 「relik」 atau 「dukungan」, total ditemukan lima kali.","Khi bắt đầu chiến đấu, giới hạn sức tính toán +1, thức tỉnh tất cả thân thể được đánh thức. Khi bắt đầu lượt, ngẫu nhiên phát hiện một 「sáng tạo」 hoặc 「hỗ trợ」, tổng cộng phát hiện năm lần."
RelicConfig_67825_BattleDesc,aJCZ,z造物_RelicConfig_A.csv,335,RelicConfig,BattleDesc,,战斗开始时，算力上限+1，觉醒所有唤醒体。回合开始时，随机发现一个「造物」或「支援」，共发现五次。,"At the start of battle, Arithmetica Limit +1, Rouse all Awakeners. At turn start, randomly Discover a ""Relic"" or ""Support"", up to 5 times.","Бой начинается, предел вычислительной мощности +1, пробуждение всех пробуждающих тел. В начале хода случайно обнаружить одно 《создание》 или 《поддержку》, всего обнаружить пять раз.","Al comenzar la batalla, el límite de aritmética +1, despierta a todos los despertadores. Al inicio de cada turno, descubre aleatoriamente una ""reliquia"" o ""apoyo"", por un total de cinco veces",バトル開始時、計算力上限＋1、すべての覚醒体を覚醒。ターン開始時、ランダムで「つくりもの」または「支援」を発見し、合計5回発見する。,"전투 시작 시, 산출력 상한 +1, 모든 웨이크업 바디를 각성. 턴 시작 시, “조물주” 또는 “지원” 중 하나를 무작위로 발견, 총 5번 발견.","Au début du combat, le plafond de l'arithmétique +1, réveillez tous les réveilleurs. Au début du tour, découvrez une « relique » ou « soutien » au hasard, découvrir un total de cinq fois","Zu Beginn des Kampfes erhöht sich das Arithmetica-Limit um 1, alle Erwecker werden erweckt. Zu Beginn der Runde findet zufällig 5 Mal einen ""Relikt"" oder ""Unterstützung""","Ao início da batalha, o limite de aritmética +1, desperte todos os despertadores. No início do turno, descubra aleatoriamente uma「reliquia」ou「apoio」, totalizando cinco descobertas",เมื่อการต่อสู้เริ่มต้น พลังการคำนวณสูงสุด +1 และการตื่นรู้ทั้งหมดของร่างกายที่ตื่นขึ้น เมื่อรอบเริ่มต้น จะได้รับการค้นพบแบบสุ่ม「สิ่งสร้าง」หรือ「การสนับสนุน」 รวมทั้งหมด 5 ครั้ง。,"Pada awal pertempuran, batas aritmetika +1, bangun semua pembangun. Pada awal giliran, temukan secara acak satu 「relik」 atau 「dukungan」, total ditemukan lima kali.","Khi bắt đầu chiến đấu, giới hạn sức tính toán +1, thức tỉnh tất cả thân thể được đánh thức. Khi bắt đầu lượt, ngẫu nhiên phát hiện một 「sáng tạo」 hoặc 「hỗ trợ」, tổng cộng phát hiện năm lần."
RelicConfig_67821_Name,aJCL,z造物_RelicConfig_A.csv,336,RelicConfig,Name,,<OrangeQuality:「万象门扉γ」>,"<OrangeQuality:""Gateway of All Realms γ"">",<OrangeQuality:《Врата Тысячи Образов γ》>,<OrangeQuality:「Puerta del Infinito γ」>,<OrangeQuality:「万象の扉γ」>,<OrangeQuality:“만상문γ”>,<OrangeQuality:「Porte des mille phénomènes γ」>,<OrangeQuality:「Mundator-Tür γ」>,<OrangeQuality:「Portal dos Mil Aspectos γ」>,<OrangeQuality:「ประตูวานิชγ」>,<OrangeQuality:「Pintu γ」>,<OrangeQuality:「Cánh Cửa Vạn Tượng γ」>
RelicConfig_67821_Desc,aJCK,z造物_RelicConfig_A.csv,336,RelicConfig,Desc,,战斗开始时，算力上限+1，觉醒所有唤醒体。回合开始时，随机发现一个「造物」或「支援」，共发现五次。,"At the start of battle, Arithmetica Limit +1, Rouse all Awakeners. At turn start, randomly discover a ""Relic "" or ""Support"", for a total of five discoveries.","Бой начинается, предел вычислительной мощности +1, пробуждение всех пробуждающих тел. В начале хода случайно обнаружить одно 《создание》 или 《поддержку》, всего обнаружить пять раз.","Al comenzar la batalla, el límite de aritmética +1, despierta a todos los despertadores. Al inicio de cada turno, descubre aleatoriamente una ""reliquia"" o ""apoyo"", por un total de cinco veces",バトル開始時、計算力上限＋1、すべての覚醒体を覚醒。ターン開始時、ランダムで「つくりもの」または「支援」を発見し、合計5回発見する。,"전투 시작 시, 산출력 상한 +1, 모든 웨이크업 바디를 각성. 턴 시작 시, “조물주” 또는 “지원” 중 하나를 무작위로 발견, 총 5번 발견.","Au début du combat, le plafond de l'arithmétique +1, réveillez tous les réveilleurs. Au début du tour, découvrez une « relique » ou « soutien » au hasard, découvrir un total de cinq fois","Zu Beginn des Kampfes erhöht sich das Arithmetica-Limit um 1, alle Erwecker werden erweckt. Zu Beginn der Runde findet zufällig 5 Mal einen ""Relikt"" oder ""Unterstützung""","Ao início da batalha, o limite de aritmética +1, desperte todos os despertadores. No início do turno, descubra aleatoriamente uma「reliquia」ou「apoio」, totalizando cinco descobertas",เมื่อการต่อสู้เริ่มต้น พลังการคำนวณสูงสุด +1 และการตื่นรู้ทั้งหมดของร่างกายที่ตื่นขึ้น เมื่อรอบเริ่มต้น จะได้รับการค้นพบแบบสุ่ม「สิ่งสร้าง」หรือ「การสนับสนุน」 รวมทั้งหมด 5 ครั้ง。,"Pada awal pertempuran, batas aritmetika +1, bangun semua pembangun. Pada awal giliran, temukan secara acak satu 「relik」 atau 「dukungan」, total ditemukan lima kali.","Khi bắt đầu chiến đấu, giới hạn sức tính toán +1, thức tỉnh tất cả thân thể được đánh thức. Khi bắt đầu lượt, ngẫu nhiên phát hiện một 「sáng tạo」 hoặc 「hỗ trợ」, tổng cộng phát hiện năm lần."
RelicConfig_67821_BattleDesc,aJCJ,z造物_RelicConfig_A.csv,336,RelicConfig,BattleDesc,,战斗开始时，算力上限+1，觉醒所有唤醒体。回合开始时，随机发现一个「造物」或「支援」，共发现五次。,"At the start of battle, Arithmetica Limit +1, Rouse all Awakeners. At turn start, randomly Discover a ""Relic"" or ""Support"", up to 5 times.","Бой начинается, предел вычислительной мощности +1, пробуждение всех пробуждающих тел. В начале хода случайно обнаружить одно 《создание》 или 《поддержку》, всего обнаружить пять раз.","Al comenzar la batalla, el límite de aritmética +1, despierta a todos los despertadores. Al inicio de cada turno, descubre aleatoriamente una ""reliquia"" o ""apoyo"", por un total de cinco veces",バトル開始時、計算力上限＋1、すべての覚醒体を覚醒。ターン開始時、ランダムで「つくりもの」または「支援」を発見し、合計5回発見する。,"전투 시작 시, 산출력 상한 +1, 모든 웨이크업 바디를 각성. 턴 시작 시, “조물주” 또는 “지원” 중 하나를 무작위로 발견, 총 5번 발견.","Au début du combat, le plafond de l'arithmétique +1, réveillez tous les réveilleurs. Au début du tour, découvrez une « relique » ou « soutien » au hasard, découvrir un total de cinq fois","Zu Beginn des Kampfes erhöht sich das Arithmetica-Limit um 1, alle Erwecker werden erweckt. Zu Beginn der Runde findet zufällig 5 Mal einen ""Relikt"" oder ""Unterstützung""","Ao início da batalha, o limite de aritmética +1, desperte todos os despertadores. No início do turno, descubra aleatoriamente uma「reliquia」ou「apoio」, totalizando cinco descobertas",เมื่อการต่อสู้เริ่มต้น พลังการคำนวณสูงสุด +1 และการตื่นรู้ทั้งหมดของร่างกายที่ตื่นขึ้น เมื่อรอบเริ่มต้น จะได้รับการค้นพบแบบสุ่ม「สิ่งสร้าง」หรือ「การสนับสนุน」 รวมทั้งหมด 5 ครั้ง。,"Pada awal pertempuran, batas aritmetika +1, bangun semua pembangun. Pada awal giliran, temukan secara acak satu 「relik」 atau 「dukungan」, total ditemukan lima kali.","Khi bắt đầu chiến đấu, giới hạn sức tính toán +1, thức tỉnh tất cả thân thể được đánh thức. Khi bắt đầu lượt, ngẫu nhiên phát hiện một 「sáng tạo」 hoặc 「hỗ trợ」, tổng cộng phát hiện năm lần."
RelicConfig_67824_Name,aJCX,z造物_RelicConfig_A.csv,337,RelicConfig,Name,,<OrangeQuality:「万象门扉δ」>,"<OrangeQuality:""Gateway of All Realmsδ"">",<OrangeQuality:《Врата Тысячи Образов δ》>,<OrangeQuality:「Puerta del Infinito δ」>,<OrangeQuality:「万象の扉δ」>,<OrangeQuality:“만상문δ”>,<OrangeQuality:「Porte des mille phénomènes δ」>,<OrangeQuality:「Mundator-Tür δ」>,<OrangeQuality:「Portal dos Mil Aspectos δ」>,<OrangeQuality:「ประตูหมื่นอุปกรณ์δ」>,<OrangeQuality:「Pintuδ」>,<OrangeQuality:「Cánh cửa Vạn Tượng δ」>
RelicConfig_67824_Desc,aJCW,z造物_RelicConfig_A.csv,337,RelicConfig,Desc,,战斗开始时，算力上限+1，觉醒所有唤醒体。回合开始时，随机发现一个「造物」或「支援」，共发现五次。,"At the start of battle, Arithmetica Limit +1, Rouse all Awakeners. At turn start, randomly discover a ""Relic "" or ""Support"", for a total of five discoveries.","Бой начинается, предел вычислительной мощности +1, пробуждение всех пробуждающих тел. В начале хода случайно обнаружить одно 《создание》 или 《поддержку》, всего обнаружить пять раз.","Al comenzar la batalla, el límite de aritmética +1, despierta a todos los despertadores. Al inicio de cada turno, descubre aleatoriamente una ""reliquia"" o ""apoyo"", por un total de cinco veces",バトル開始時、計算力上限＋1、すべての覚醒体を覚醒。ターン開始時、ランダムで「つくりもの」または「支援」を発見し、合計5回発見する。,"전투 시작 시, 산출력 상한 +1, 모든 웨이크업 바디를 각성. 턴 시작 시, “조물주” 또는 “지원” 중 하나를 무작위로 발견, 총 5번 발견.","Au début du combat, le plafond de l'arithmétique +1, réveillez tous les réveilleurs. Au début du tour, découvrez une « relique » ou « soutien » au hasard, découvrir un total de cinq fois","Zu Beginn des Kampfes erhöht sich das Arithmetica-Limit um 1, alle Erwecker werden erweckt. Zu Beginn der Runde findet zufällig 5 Mal einen ""Relikt"" oder ""Unterstützung""","Ao início da batalha, o limite de aritmética +1, desperte todos os despertadores. No início do turno, descubra aleatoriamente uma「reliquia」ou「apoio」, totalizando cinco descobertas",เมื่อการต่อสู้เริ่มต้น พลังการคำนวณสูงสุด +1 และการตื่นรู้ทั้งหมดของร่างกายที่ตื่นขึ้น เมื่อรอบเริ่มต้น จะได้รับการค้นพบแบบสุ่ม「สิ่งสร้าง」หรือ「การสนับสนุน」 รวมทั้งหมด 5 ครั้ง。,"Pada awal pertempuran, batas aritmetika +1, bangun semua pembangun. Pada awal giliran, temukan secara acak satu 「relik」 atau 「dukungan」, total ditemukan lima kali.","Khi bắt đầu chiến đấu, giới hạn sức tính toán +1, thức tỉnh tất cả thân thể được đánh thức. Khi bắt đầu lượt, ngẫu nhiên phát hiện một 「sáng tạo」 hoặc 「hỗ trợ」, tổng cộng phát hiện năm lần."
RelicConfig_67824_BattleDesc,aJCV,z造物_RelicConfig_A.csv,337,RelicConfig,BattleDesc,,战斗开始时，算力上限+1，觉醒所有唤醒体。回合开始时，随机发现一个「造物」或「支援」，共发现五次。,"At the start of battle, Arithmetica Limit +1, Rouse all Awakeners. At turn start, randomly Discover a ""Relic"" or ""Support"", up to 5 times.","Бой начинается, предел вычислительной мощности +1, пробуждение всех пробуждающих тел. В начале хода случайно обнаружить одно 《создание》 или 《поддержку》, всего обнаружить пять раз.","Al comenzar la batalla, el límite de aritmética +1, despierta a todos los despertadores. Al inicio de cada turno, descubre aleatoriamente una ""reliquia"" o ""apoyo"", por un total de cinco veces",バトル開始時、計算力上限＋1、すべての覚醒体を覚醒。ターン開始時、ランダムで「つくりもの」または「支援」を発見し、合計5回発見する。,"전투 시작 시, 산출력 상한 +1, 모든 웨이크업 바디를 각성. 턴 시작 시, “조물주” 또는 “지원” 중 하나를 무작위로 발견, 총 5번 발견.","Au début du combat, le plafond de l'arithmétique +1, réveillez tous les réveilleurs. Au début du tour, découvrez une « relique » ou « soutien » au hasard, découvrir un total de cinq fois","Zu Beginn des Kampfes erhöht sich das Arithmetica-Limit um 1, alle Erwecker werden erweckt. Zu Beginn der Runde findet zufällig 5 Mal einen ""Relikt"" oder ""Unterstützung""","Ao início da batalha, o limite de aritmética +1, desperte todos os despertadores. No início do turno, descubra aleatoriamente uma「reliquia」ou「apoio」, totalizando cinco descobertas",เมื่อการต่อสู้เริ่มต้น พลังการคำนวณสูงสุด +1 และการตื่นรู้ทั้งหมดของร่างกายที่ตื่นขึ้น เมื่อรอบเริ่มต้น จะได้รับการค้นพบแบบสุ่ม「สิ่งสร้าง」หรือ「การสนับสนุน」 รวมทั้งหมด 5 ครั้ง。,"Pada awal pertempuran, batas aritmetika +1, bangun semua pembangun. Pada awal giliran, temukan secara acak satu 「relik」 atau 「dukungan」, total ditemukan lima kali.","Khi bắt đầu chiến đấu, giới hạn sức tính toán +1, thức tỉnh tất cả thân thể được đánh thức. Khi bắt đầu lượt, ngẫu nhiên phát hiện một 「sáng tạo」 hoặc 「hỗ trợ」, tổng cộng phát hiện năm lần."
RelicConfig_67818_Name,aJCz,z造物_RelicConfig_A.csv,338,RelicConfig,Name,,<OrangeQuality:「万象门扉ε」>,"<OrangeQuality:""Gateway of All Realms ε"">",<OrangeQuality:《Врата Тысячи Образов ε》>,<OrangeQuality:「Puerta del Infinito ε」>,<OrangeQuality:「万象の扉ε」>,<OrangeQuality:“만상문ε”>,<OrangeQuality:「Porte des mille phénomènes ε」>,<OrangeQuality:「Mundator-Tür ε」>,<OrangeQuality:「Portal dos Mil Aspectos ε」>,<OrangeQuality:「ประตูว่านเซี่ยงε」>,<OrangeQuality:「Pintu Sepuluh Ribu Duniaε」>,<OrangeQuality:「Cánh cửa Vạn Tượng ε」>
RelicConfig_67818_Desc,aJCy,z造物_RelicConfig_A.csv,338,RelicConfig,Desc,,战斗开始时，算力上限+1，觉醒所有唤醒体。回合开始时，随机发现一个「造物」或「支援」，共发现五次。,"At the start of battle, Arithmetica Limit +1, Rouse all Awakeners. At turn start, randomly discover a ""Relic "" or ""Support"", for a total of five discoveries.","Бой начинается, предел вычислительной мощности +1, пробуждение всех пробуждающих тел. В начале хода случайно обнаружить одно 《создание》 или 《поддержку》, всего обнаружить пять раз.","Al comenzar la batalla, el límite de aritmética +1, despierta a todos los despertadores. Al inicio de cada turno, descubre aleatoriamente una ""reliquia"" o ""apoyo"", por un total de cinco veces",バトル開始時、計算力上限＋1、すべての覚醒体を覚醒。ターン開始時、ランダムで「つくりもの」または「支援」を発見し、合計5回発見する。,"전투 시작 시, 산출력 상한 +1, 모든 웨이크업 바디를 각성. 턴 시작 시, “조물주” 또는 “지원” 중 하나를 무작위로 발견, 총 5번 발견.","Au début du combat, le plafond de l'arithmétique +1, réveillez tous les réveilleurs. Au début du tour, découvrez une « relique » ou « soutien » au hasard, découvrir un total de cinq fois","Zu Beginn des Kampfes erhöht sich das Arithmetica-Limit um 1, alle Erwecker werden erweckt. Zu Beginn der Runde findet zufällig 5 Mal einen ""Relikt"" oder ""Unterstützung""","Ao início da batalha, o limite de aritmética +1, desperte todos os despertadores. No início do turno, descubra aleatoriamente uma「reliquia」ou「apoio」, totalizando cinco descobertas",เมื่อการต่อสู้เริ่มต้น พลังการคำนวณสูงสุด +1 และการตื่นรู้ทั้งหมดของร่างกายที่ตื่นขึ้น เมื่อรอบเริ่มต้น จะได้รับการค้นพบแบบสุ่ม「สิ่งสร้าง」หรือ「การสนับสนุน」 รวมทั้งหมด 5 ครั้ง。,"Pada awal pertempuran, batas aritmetika +1, bangun semua pembangun. Pada awal giliran, temukan secara acak satu 「relik」 atau 「dukungan」, total ditemukan lima kali.","Khi bắt đầu chiến đấu, giới hạn sức tính toán +1, thức tỉnh tất cả thân thể được đánh thức. Khi bắt đầu lượt, ngẫu nhiên phát hiện một 「sáng tạo」 hoặc 「hỗ trợ」, tổng cộng phát hiện năm lần."
RelicConfig_67818_BattleDesc,aJCx,z造物_RelicConfig_A.csv,338,RelicConfig,BattleDesc,,战斗开始时，算力上限+1，觉醒所有唤醒体。回合开始时，随机发现一个「造物」或「支援」，共发现五次。,"At the start of battle, Arithmetica Limit +1, Rouse all Awakeners. At turn start, randomly Discover a ""Relic"" or ""Support"", up to 5 times.","Бой начинается, предел вычислительной мощности +1, пробуждение всех пробуждающих тел. В начале хода случайно обнаружить одно 《создание》 или 《поддержку》, всего обнаружить пять раз.","Al comenzar la batalla, el límite de aritmética +1, despierta a todos los despertadores. Al inicio de cada turno, descubre aleatoriamente una ""reliquia"" o ""apoyo"", por un total de cinco veces",バトル開始時、計算力上限＋1、すべての覚醒体を覚醒。ターン開始時、ランダムで「つくりもの」または「支援」を発見し、合計5回発見する。,"전투 시작 시, 산출력 상한 +1, 모든 웨이크업 바디를 각성. 턴 시작 시, “조물주” 또는 “지원” 중 하나를 무작위로 발견, 총 5번 발견.","Au début du combat, le plafond de l'arithmétique +1, réveillez tous les réveilleurs. Au début du tour, découvrez une « relique » ou « soutien » au hasard, découvrir un total de cinq fois","Zu Beginn des Kampfes erhöht sich das Arithmetica-Limit um 1, alle Erwecker werden erweckt. Zu Beginn der Runde findet zufällig 5 Mal einen ""Relikt"" oder ""Unterstützung""","Ao início da batalha, o limite de aritmética +1, desperte todos os despertadores. No início do turno, descubra aleatoriamente uma「reliquia」ou「apoio」, totalizando cinco descobertas",เมื่อการต่อสู้เริ่มต้น พลังการคำนวณสูงสุด +1 และการตื่นรู้ทั้งหมดของร่างกายที่ตื่นขึ้น เมื่อรอบเริ่มต้น จะได้รับการค้นพบแบบสุ่ม「สิ่งสร้าง」หรือ「การสนับสนุน」 รวมทั้งหมด 5 ครั้ง。,"Pada awal pertempuran, batas aritmetika +1, bangun semua pembangun. Pada awal giliran, temukan secara acak satu 「relik」 atau 「dukungan」, total ditemukan lima kali.","Khi bắt đầu chiến đấu, giới hạn sức tính toán +1, thức tỉnh tất cả thân thể được đánh thức. Khi bắt đầu lượt, ngẫu nhiên phát hiện một 「sáng tạo」 hoặc 「hỗ trợ」, tổng cộng phát hiện năm lần."
RelicConfig_67819_Name,aJCD,z造物_RelicConfig_A.csv,339,RelicConfig,Name,,<OrangeQuality:「万象门扉ζ」>,"<OrangeQuality:""Gateway of All Realms ζ"">",<OrangeQuality:《Врата Всех Возможностейζ》>,<OrangeQuality:「Puerta del Infinito ζ」>,<OrangeQuality:「万象の扉ζ」>,<OrangeQuality:“만상문ζ”>,<OrangeQuality:「Porte des mille phénomènes ζ」>,<OrangeQuality:「Mundator-Tür ζ」>,<OrangeQuality:「Portal dos Mil Aspectos ζ」>,<OrangeQuality:「ประตูทุกสรรพสิ่งζ」>,<OrangeQuality:「Pintu ζ」>,<OrangeQuality:「Cánh Cửa Thiên Tượng ζ」>
RelicConfig_67819_Desc,aJCC,z造物_RelicConfig_A.csv,339,RelicConfig,Desc,,战斗开始时，算力上限+1，觉醒所有唤醒体。回合开始时，随机发现一个「造物」或「支援」，共发现五次。,"At the start of battle, Arithmetica Limit +1, Rouse all Awakeners. At turn start, randomly discover a ""Relic "" or ""Support"", for a total of five discoveries.","Бой начинается, предел вычислительной мощности +1, пробуждение всех пробуждающих тел. В начале хода случайно обнаружить одно 《создание》 или 《поддержку》, всего обнаружить пять раз.","Al comenzar la batalla, el límite de aritmética +1, despierta a todos los despertadores. Al inicio de cada turno, descubre aleatoriamente una ""reliquia"" o ""apoyo"", por un total de cinco veces",バトル開始時、計算力上限＋1、すべての覚醒体を覚醒。ターン開始時、ランダムで「つくりもの」または「支援」を発見し、合計5回発見する。,"전투 시작 시, 산출력 상한 +1, 모든 웨이크업 바디를 각성. 턴 시작 시, “조물주” 또는 “지원” 중 하나를 무작위로 발견, 총 5번 발견.","Au début du combat, le plafond de l'arithmétique +1, réveillez tous les réveilleurs. Au début du tour, découvrez une « relique » ou « soutien » au hasard, découvrir un total de cinq fois","Zu Beginn des Kampfes erhöht sich das Arithmetica-Limit um 1, alle Erwecker werden erweckt. Zu Beginn der Runde findet zufällig 5 Mal einen ""Relikt"" oder ""Unterstützung""","Ao início da batalha, o limite de aritmética +1, desperte todos os despertadores. No início do turno, descubra aleatoriamente uma「reliquia」ou「apoio」, totalizando cinco descobertas",เมื่อการต่อสู้เริ่มต้น พลังการคำนวณสูงสุด +1 และการตื่นรู้ทั้งหมดของร่างกายที่ตื่นขึ้น เมื่อรอบเริ่มต้น จะได้รับการค้นพบแบบสุ่ม「สิ่งสร้าง」หรือ「การสนับสนุน」 รวมทั้งหมด 5 ครั้ง。,"Pada awal pertempuran, batas aritmetika +1, bangun semua pembangun. Pada awal giliran, temukan secara acak satu 「relik」 atau 「dukungan」, total ditemukan lima kali.","Khi bắt đầu chiến đấu, giới hạn sức tính toán +1, thức tỉnh tất cả thân thể được đánh thức. Khi bắt đầu lượt, ngẫu nhiên phát hiện một 「sáng tạo」 hoặc 「hỗ trợ」, tổng cộng phát hiện năm lần."
RelicConfig_67819_BattleDesc,aJCB,z造物_RelicConfig_A.csv,339,RelicConfig,BattleDesc,,战斗开始时，算力上限+1，觉醒所有唤醒体。回合开始时，随机发现一个「造物」或「支援」，共发现五次。,"At the start of battle, Arithmetica Limit +1, Rouse all Awakeners. At turn start, randomly Discover a ""Relic"" or ""Support"", up to 5 times.","Бой начинается, предел вычислительной мощности +1, пробуждение всех пробуждающих тел. В начале хода случайно обнаружить одно 《создание》 или 《поддержку》, всего обнаружить пять раз.","Al comenzar la batalla, el límite de aritmética +1, despierta a todos los despertadores. Al inicio de cada turno, descubre aleatoriamente una ""reliquia"" o ""apoyo"", por un total de cinco veces",バトル開始時、計算力上限＋1、すべての覚醒体を覚醒。ターン開始時、ランダムで「つくりもの」または「支援」を発見し、合計5回発見する。,"전투 시작 시, 산출력 상한 +1, 모든 웨이크업 바디를 각성. 턴 시작 시, “조물주” 또는 “지원” 중 하나를 무작위로 발견, 총 5번 발견.","Au début du combat, le plafond de l'arithmétique +1, réveillez tous les réveilleurs. Au début du tour, découvrez une « relique » ou « soutien » au hasard, découvrir un total de cinq fois","Zu Beginn des Kampfes erhöht sich das Arithmetica-Limit um 1, alle Erwecker werden erweckt. Zu Beginn der Runde findet zufällig 5 Mal einen ""Relikt"" oder ""Unterstützung""","Ao início da batalha, o limite de aritmética +1, desperte todos os despertadores. No início do turno, descubra aleatoriamente uma「reliquia」ou「apoio」, totalizando cinco descobertas",เมื่อการต่อสู้เริ่มต้น พลังการคำนวณสูงสุด +1 และการตื่นรู้ทั้งหมดของร่างกายที่ตื่นขึ้น เมื่อรอบเริ่มต้น จะได้รับการค้นพบแบบสุ่ม「สิ่งสร้าง」หรือ「การสนับสนุน」 รวมทั้งหมด 5 ครั้ง。,"Pada awal pertempuran, batas aritmetika +1, bangun semua pembangun. Pada awal giliran, temukan secara acak satu 「relik」 atau 「dukungan」, total ditemukan lima kali.","Khi bắt đầu chiến đấu, giới hạn sức tính toán +1, thức tỉnh tất cả thân thể được đánh thức. Khi bắt đầu lượt, ngẫu nhiên phát hiện một 「sáng tạo」 hoặc 「hỗ trợ」, tổng cộng phát hiện năm lần."
RelicConfig_67823_Name,aJCT,z造物_RelicConfig_A.csv,340,RelicConfig,Name,,<OrangeQuality:「万象门扉η」>,"<OrangeQuality:""Gateway of All Realmsη"">",<OrangeQuality:《Врата Тысячи Образов η》>,<OrangeQuality:「Puerta del Infinito η」>,<OrangeQuality:「万象の扉η」>,<OrangeQuality:“만상문η”>,<OrangeQuality:「Porte des mille phénomènes η」>,<OrangeQuality:「Mundator-Tür η」>,<OrangeQuality:「Portal dos Mil Aspectos η」>,<OrangeQuality:「ประตูหมื่นอันη」>,<OrangeQuality:「Pintuη」>,<OrangeQuality:「Cánh Cửa Vạn Tượng η」>
RelicConfig_67823_Desc,aJCS,z造物_RelicConfig_A.csv,340,RelicConfig,Desc,,战斗开始时，算力上限+1，觉醒所有唤醒体。回合开始时，随机发现一个「造物」或「支援」，共发现五次。,"At the start of battle, Arithmetica Limit +1, Rouse all Awakeners. At turn start, randomly discover a ""Relic "" or ""Support"", for a total of five discoveries.","Бой начинается, предел вычислительной мощности +1, пробуждение всех пробуждающих тел. В начале хода случайно обнаружить одно 《создание》 или 《поддержку》, всего обнаружить пять раз.","Al comenzar la batalla, el límite de aritmética +1, despierta a todos los despertadores. Al inicio de cada turno, descubre aleatoriamente una ""reliquia"" o ""apoyo"", por un total de cinco veces",バトル開始時、計算力上限＋1、すべての覚醒体を覚醒。ターン開始時、ランダムで「つくりもの」または「支援」を発見し、合計5回発見する。,"전투 시작 시, 산출력 상한 +1, 모든 웨이크업 바디를 각성. 턴 시작 시, “조물주” 또는 “지원” 중 하나를 무작위로 발견, 총 5번 발견.","Au début du combat, le plafond de l'arithmétique +1, réveillez tous les réveilleurs. Au début du tour, découvrez une « relique » ou « soutien » au hasard, découvrir un total de cinq fois","Zu Beginn des Kampfes erhöht sich das Arithmetica-Limit um 1, alle Erwecker werden erweckt. Zu Beginn der Runde findet zufällig 5 Mal einen ""Relikt"" oder ""Unterstützung""","Ao início da batalha, o limite de aritmética +1, desperte todos os despertadores. No início do turno, descubra aleatoriamente uma「reliquia」ou「apoio」, totalizando cinco descobertas",เมื่อการต่อสู้เริ่มต้น พลังการคำนวณสูงสุด +1 และการตื่นรู้ทั้งหมดของร่างกายที่ตื่นขึ้น เมื่อรอบเริ่มต้น จะได้รับการค้นพบแบบสุ่ม「สิ่งสร้าง」หรือ「การสนับสนุน」 รวมทั้งหมด 5 ครั้ง。,"Pada awal pertempuran, batas aritmetika +1, bangun semua pembangun. Pada awal giliran, temukan secara acak satu 「relik」 atau 「dukungan」, total ditemukan lima kali.","Khi bắt đầu chiến đấu, giới hạn sức tính toán +1, thức tỉnh tất cả thân thể được đánh thức. Khi bắt đầu lượt, ngẫu nhiên phát hiện một 「sáng tạo」 hoặc 「hỗ trợ」, tổng cộng phát hiện năm lần."
RelicConfig_67823_BattleDesc,aJCR,z造物_RelicConfig_A.csv,340,RelicConfig,BattleDesc,,战斗开始时，算力上限+1，觉醒所有唤醒体。回合开始时，随机发现一个「造物」或「支援」，共发现五次。,"At the start of battle, Arithmetica Limit +1, Rouse all Awakeners. At turn start, randomly Discover a ""Relic"" or ""Support"", up to 5 times.","Бой начинается, предел вычислительной мощности +1, пробуждение всех пробуждающих тел. В начале хода случайно обнаружить одно 《создание》 или 《поддержку》, всего обнаружить пять раз.","Al comenzar la batalla, el límite de aritmética +1, despierta a todos los despertadores. Al inicio de cada turno, descubre aleatoriamente una ""reliquia"" o ""apoyo"", por un total de cinco veces",バトル開始時、計算力上限＋1、すべての覚醒体を覚醒。ターン開始時、ランダムで「つくりもの」または「支援」を発見し、合計5回発見する。,"전투 시작 시, 산출력 상한 +1, 모든 웨이크업 바디를 각성. 턴 시작 시, “조물주” 또는 “지원” 중 하나를 무작위로 발견, 총 5번 발견.","Au début du combat, le plafond de l'arithmétique +1, réveillez tous les réveilleurs. Au début du tour, découvrez une « relique » ou « soutien » au hasard, découvrir un total de cinq fois","Zu Beginn des Kampfes erhöht sich das Arithmetica-Limit um 1, alle Erwecker werden erweckt. Zu Beginn der Runde findet zufällig 5 Mal einen ""Relikt"" oder ""Unterstützung""","Ao início da batalha, o limite de aritmética +1, desperte todos os despertadores. No início do turno, descubra aleatoriamente uma「reliquia」ou「apoio」, totalizando cinco descobertas",เมื่อการต่อสู้เริ่มต้น พลังการคำนวณสูงสุด +1 และการตื่นรู้ทั้งหมดของร่างกายที่ตื่นขึ้น เมื่อรอบเริ่มต้น จะได้รับการค้นพบแบบสุ่ม「สิ่งสร้าง」หรือ「การสนับสนุน」 รวมทั้งหมด 5 ครั้ง。,"Pada awal pertempuran, batas aritmetika +1, bangun semua pembangun. Pada awal giliran, temukan secara acak satu 「relik」 atau 「dukungan」, total ditemukan lima kali.","Khi bắt đầu chiến đấu, giới hạn sức tính toán +1, thức tỉnh tất cả thân thể được đánh thức. Khi bắt đầu lượt, ngẫu nhiên phát hiện một 「sáng tạo」 hoặc 「hỗ trợ」, tổng cộng phát hiện năm lần."
RelicConfig_67820_Name,aJCH,z造物_RelicConfig_A.csv,341,RelicConfig,Name,,<OrangeQuality:「万象门扉θ」>,"<OrangeQuality:""Gateway of All Realms θ"">",<OrangeQuality:《Врата Тысячи Образов θ》>,<OrangeQuality:「Puerta del Infinito θ」>,<OrangeQuality:「万象の扉θ」>,<OrangeQuality:“만상문θ”>,<OrangeQuality:「Porte des mille phénomènes θ」>,<OrangeQuality:「Mundator-Tür θ」>,<OrangeQuality:「Portal dos Mil Aspectos θ」>,<OrangeQuality:「ประตูหมื่นอุปการθ」>,<OrangeQuality:「Pintu θ」>,<OrangeQuality:「vạn tượng cánh cửa θ」>
RelicConfig_67820_Desc,aJCG,z造物_RelicConfig_A.csv,341,RelicConfig,Desc,,战斗开始时，算力上限+1，觉醒所有唤醒体。回合开始时，随机发现一个「造物」或「支援」，共发现五次。,"At the start of battle, Arithmetica Limit +1, Rouse all Awakeners. At turn start, randomly discover a ""Relic "" or ""Support"", for a total of five discoveries.","Бой начинается, предел вычислительной мощности +1, пробуждение всех пробуждающих тел. В начале хода случайно обнаружить одно 《создание》 или 《поддержку》, всего обнаружить пять раз.","Al comenzar la batalla, el límite de aritmética +1, despierta a todos los despertadores. Al inicio de cada turno, descubre aleatoriamente una ""reliquia"" o ""apoyo"", por un total de cinco veces",バトル開始時、計算力上限＋1、すべての覚醒体を覚醒。ターン開始時、ランダムで「つくりもの」または「支援」を発見し、合計5回発見する。,"전투 시작 시, 산출력 상한 +1, 모든 웨이크업 바디를 각성. 턴 시작 시, “조물주” 또는 “지원” 중 하나를 무작위로 발견, 총 5번 발견.","Au début du combat, le plafond de l'arithmétique +1, réveillez tous les réveilleurs. Au début du tour, découvrez une « relique » ou « soutien » au hasard, découvrir un total de cinq fois","Zu Beginn des Kampfes erhöht sich das Arithmetica-Limit um 1, alle Erwecker werden erweckt. Zu Beginn der Runde findet zufällig 5 Mal einen ""Relikt"" oder ""Unterstützung""","Ao início da batalha, o limite de aritmética +1, desperte todos os despertadores. No início do turno, descubra aleatoriamente uma「reliquia」ou「apoio」, totalizando cinco descobertas",เมื่อการต่อสู้เริ่มต้น พลังการคำนวณสูงสุด +1 และการตื่นรู้ทั้งหมดของร่างกายที่ตื่นขึ้น เมื่อรอบเริ่มต้น จะได้รับการค้นพบแบบสุ่ม「สิ่งสร้าง」หรือ「การสนับสนุน」 รวมทั้งหมด 5 ครั้ง。,"Pada awal pertempuran, batas aritmetika +1, bangun semua pembangun. Pada awal giliran, temukan secara acak satu 「relik」 atau 「dukungan」, total ditemukan lima kali.","Khi bắt đầu chiến đấu, giới hạn sức tính toán +1, thức tỉnh tất cả thân thể được đánh thức. Khi bắt đầu lượt, ngẫu nhiên phát hiện một 「sáng tạo」 hoặc 「hỗ trợ」, tổng cộng phát hiện năm lần."
RelicConfig_67820_BattleDesc,aJCF,z造物_RelicConfig_A.csv,341,RelicConfig,BattleDesc,,战斗开始时，算力上限+1，觉醒所有唤醒体。回合开始时，随机发现一个「造物」或「支援」，共发现五次。,"At the start of battle, Arithmetica Limit +1, Rouse all Awakeners. At turn start, randomly Discover a ""Relic"" or ""Support"", up to 5 times.","Бой начинается, предел вычислительной мощности +1, пробуждение всех пробуждающих тел. В начале хода случайно обнаружить одно 《создание》 или 《поддержку》, всего обнаружить пять раз.","Al comenzar la batalla, el límite de aritmética +1, despierta a todos los despertadores. Al inicio de cada turno, descubre aleatoriamente una ""reliquia"" o ""apoyo"", por un total de cinco veces",バトル開始時、計算力上限＋1、すべての覚醒体を覚醒。ターン開始時、ランダムで「つくりもの」または「支援」を発見し、合計5回発見する。,"전투 시작 시, 산출력 상한 +1, 모든 웨이크업 바디를 각성. 턴 시작 시, “조물주” 또는 “지원” 중 하나를 무작위로 발견, 총 5번 발견.","Au début du combat, le plafond de l'arithmétique +1, réveillez tous les réveilleurs. Au début du tour, découvrez une « relique » ou « soutien » au hasard, découvrir un total de cinq fois","Zu Beginn des Kampfes erhöht sich das Arithmetica-Limit um 1, alle Erwecker werden erweckt. Zu Beginn der Runde findet zufällig 5 Mal einen ""Relikt"" oder ""Unterstützung""","Ao início da batalha, o limite de aritmética +1, desperte todos os despertadores. No início do turno, descubra aleatoriamente uma「reliquia」ou「apoio」, totalizando cinco descobertas",เมื่อการต่อสู้เริ่มต้น พลังการคำนวณสูงสุด +1 และการตื่นรู้ทั้งหมดของร่างกายที่ตื่นขึ้น เมื่อรอบเริ่มต้น จะได้รับการค้นพบแบบสุ่ม「สิ่งสร้าง」หรือ「การสนับสนุน」 รวมทั้งหมด 5 ครั้ง。,"Pada awal pertempuran, batas aritmetika +1, bangun semua pembangun. Pada awal giliran, temukan secara acak satu 「relik」 atau 「dukungan」, total ditemukan lima kali.","Khi bắt đầu chiến đấu, giới hạn sức tính toán +1, thức tỉnh tất cả thân thể được đánh thức. Khi bắt đầu lượt, ngẫu nhiên phát hiện một 「sáng tạo」 hoặc 「hỗ trợ」, tổng cộng phát hiện năm lần."
RelicConfig_67826_Name,aJDf,z造物_RelicConfig_A.csv,342,RelicConfig,Name,,<OrangeQuality:「万象门扉ι」>,"<OrangeQuality:""Gateway of All Realms ι"">",<OrangeQuality:《Врата Тысячи Образов ι》>,<OrangeQuality:「Puerta del Infinito ι」>,<OrangeQuality:「万象の扉ι」>,<OrangeQuality:“만상문ι”>,<OrangeQuality:「Porte des mille phénomènes ι」>,<OrangeQuality:「Mundator-Tür ι」>,<OrangeQuality:「Portal dos Mil Aspectos ι」>,<OrangeQuality:「ประตูวานิชหมื่นอันι」>,<OrangeQuality:「Pintuι」>,<OrangeQuality:「Cửa Vạn Tượng ι」>
RelicConfig_67826_Desc,aJDe,z造物_RelicConfig_A.csv,342,RelicConfig,Desc,,战斗开始时，算力上限+1，觉醒所有唤醒体。回合开始时，随机发现一个「造物」或「支援」，共发现五次。,"At the start of battle, Arithmetica Limit +1, Rouse all Awakeners. At turn start, randomly discover a ""Relic "" or ""Support"", for a total of five discoveries.","Бой начинается, предел вычислительной мощности +1, пробуждение всех пробуждающих тел. В начале хода случайно обнаружить одно 《создание》 или 《поддержку》, всего обнаружить пять раз.","Al comenzar la batalla, el límite de aritmética +1, despierta a todos los despertadores. Al inicio de cada turno, descubre aleatoriamente una ""reliquia"" o ""apoyo"", por un total de cinco veces",バトル開始時、計算力上限＋1、すべての覚醒体を覚醒。ターン開始時、ランダムで「つくりもの」または「支援」を発見し、合計5回発見する。,"전투 시작 시, 산출력 상한 +1, 모든 웨이크업 바디를 각성. 턴 시작 시, “조물주” 또는 “지원” 중 하나를 무작위로 발견, 총 5번 발견.","Au début du combat, le plafond de l'arithmétique +1, réveillez tous les réveilleurs. Au début du tour, découvrez une « relique » ou « soutien » au hasard, découvrir un total de cinq fois","Zu Beginn des Kampfes erhöht sich das Arithmetica-Limit um 1, alle Erwecker werden erweckt. Zu Beginn der Runde findet zufällig 5 Mal einen ""Relikt"" oder ""Unterstützung""","Ao início da batalha, o limite de aritmética +1, desperte todos os despertadores. No início do turno, descubra aleatoriamente uma「reliquia」ou「apoio」, totalizando cinco descobertas",เมื่อการต่อสู้เริ่มต้น พลังการคำนวณสูงสุด +1 และการตื่นรู้ทั้งหมดของร่างกายที่ตื่นขึ้น เมื่อรอบเริ่มต้น จะได้รับการค้นพบแบบสุ่ม「สิ่งสร้าง」หรือ「การสนับสนุน」 รวมทั้งหมด 5 ครั้ง。,"Pada awal pertempuran, batas aritmetika +1, bangun semua pembangun. Pada awal giliran, temukan secara acak satu 「relik」 atau 「dukungan」, total ditemukan lima kali.","Khi bắt đầu chiến đấu, giới hạn sức tính toán +1, thức tỉnh tất cả thân thể được đánh thức. Khi bắt đầu lượt, ngẫu nhiên phát hiện một 「sáng tạo」 hoặc 「hỗ trợ」, tổng cộng phát hiện năm lần."
RelicConfig_67826_BattleDesc,aJDd,z造物_RelicConfig_A.csv,342,RelicConfig,BattleDesc,,战斗开始时，算力上限+1，觉醒所有唤醒体。回合开始时，随机发现一个「造物」或「支援」，共发现五次。,"At the start of battle, Arithmetica Limit +1, Rouse all Awakeners. At turn start, randomly Discover a ""Relic"" or ""Support"", up to 5 times.","Бой начинается, предел вычислительной мощности +1, пробуждение всех пробуждающих тел. В начале хода случайно обнаружить одно 《создание》 или 《поддержку》, всего обнаружить пять раз.","Al comenzar la batalla, el límite de aritmética +1, despierta a todos los despertadores. Al inicio de cada turno, descubre aleatoriamente una ""reliquia"" o ""apoyo"", por un total de cinco veces",バトル開始時、計算力上限＋1、すべての覚醒体を覚醒。ターン開始時、ランダムで「つくりもの」または「支援」を発見し、合計5回発見する。,"전투 시작 시, 산출력 상한 +1, 모든 웨이크업 바디를 각성. 턴 시작 시, “조물주” 또는 “지원” 중 하나를 무작위로 발견, 총 5번 발견.","Au début du combat, le plafond de l'arithmétique +1, réveillez tous les réveilleurs. Au début du tour, découvrez une « relique » ou « soutien » au hasard, découvrir un total de cinq fois","Zu Beginn des Kampfes erhöht sich das Arithmetica-Limit um 1, alle Erwecker werden erweckt. Zu Beginn der Runde findet zufällig 5 Mal einen ""Relikt"" oder ""Unterstützung""","Ao início da batalha, o limite de aritmética +1, desperte todos os despertadores. No início do turno, descubra aleatoriamente uma「reliquia」ou「apoio」, totalizando cinco descobertas",เมื่อการต่อสู้เริ่มต้น พลังการคำนวณสูงสุด +1 และการตื่นรู้ทั้งหมดของร่างกายที่ตื่นขึ้น เมื่อรอบเริ่มต้น จะได้รับการค้นพบแบบสุ่ม「สิ่งสร้าง」หรือ「การสนับสนุน」 รวมทั้งหมด 5 ครั้ง。,"Pada awal pertempuran, batas aritmetika +1, bangun semua pembangun. Pada awal giliran, temukan secara acak satu 「relik」 atau 「dukungan」, total ditemukan lima kali.","Khi bắt đầu chiến đấu, giới hạn sức tính toán +1, thức tỉnh tất cả thân thể được đánh thức. Khi bắt đầu lượt, ngẫu nhiên phát hiện một 「sáng tạo」 hoặc 「hỗ trợ」, tổng cộng phát hiện năm lần."
,,,,,,,,,,,,,,,,,,
LanguageConfig_RelicGroup_999_CN,aGZW,d多语言_LanguageConfig_C.csv,1180,LanguageConfig,CN,,造物组测试999,Relic Group Test 999,"Группа создания, тестирование 999",Prueba de grupo de creación 999,つくりものグループテスト999,조물주 테스트 999,Test de groupe de créations 999,Schöpfung Testgruppe999,Teste de Criação 999,สิ่งสร้างการทดสอบกลุ่ม999,Grup Uji Relik 999,Nhóm sáng tạo kiểm tra 999
,,,,,,,,,,,,,,,,,,
RelicConfig_13938_Name,aJtL,z造物_RelicConfig_A.csv,198,RelicConfig,Name,,日常挑战周替造物1,Weekly Replacement Relic 1 for Daily Challenge,Повседневная жизнь: Вызов Создания 1,"Desafío diario, creación semanal 1",日常チャレンジ週替造物1,일상 도전 주간 대체 조물주 1,Défi quotidien Création hebdomadaire 1,Wöchentliche Herausforderung 1,Desafio Diário Substituto 1,ภารกิจประจำวันท้าทายรายสัปดาห์ เปลี่ยนทุกสัปดาห์ สิ่งสร้าง 1,Tantangan Harian Mingguan Relik 1,Thử thách hàng ngày - Hoạt động sáng tạo tuần 1
RelicConfig_13938_Desc,aJtK,z造物_RelicConfig_A.csv,198,RelicConfig,Desc,,这是个没有效果的周替造物1,This is a weekly Relic with no Effect 1,Это создание для еженедельной замены без эффекта 1,Es un objeto de misión semanal sin efecto 1,これは効果のない週替わりのつくりもの1番です,이것은 효과가 없는 주간 대체 창조 1입니다,C'est un objet de quête hebdomadaire sans effet 1,Das ist ein wirksames Wochenrelikt 1,É um item de missão semanal sem efeito 1,นี่คือสิ่งสร้างที่ไม่มีผลในการเปลี่ยนสัปดาห์,Ini adalah Relik pengganti mingguan tanpa Efek 1,Đây là một sáng tạo không có hiệu ứng 1
RelicConfig_13938_BattleDesc,aJtJ,z造物_RelicConfig_A.csv,198,RelicConfig,BattleDesc,,这是个没有效果的周替造物1,This is a weekly Relic with no Effect 1,Это создание для еженедельной замены без эффекта 1,Es un objeto de misión semanal sin efecto 1,これは効果のない週替わりのつくりもの1番です,이것은 효과가 없는 주간 대체 창조 1입니다,C'est un objet de quête hebdomadaire sans effet 1,Das ist ein wirksames Wochenrelikt 1,É um item de missão semanal sem efeito 1,นี่คือสิ่งสร้างที่ไม่มีผลในการเปลี่ยนสัปดาห์,Ini adalah Relik pengganti mingguan tanpa Efek 1,Đây là một sáng tạo không có hiệu ứng 1
RelicConfig_13937_Name,aJtH,z造物_RelicConfig_A.csv,199,RelicConfig,Name,,日常挑战周替造物2,Weekly Replacement Relic 2 for Daily Challenges,Еженедельные испытания: Создание 2,"Desafío diario, creación semanal 2",日常チャレンジ週替造物2,일상 도전 주간 대체 창조 2,Défi quotidien Création hebdomadaire 2,Wöchentliche Herausforderung 2,Desafio Diário Substituto 2,สิ่งสร้างประจำสัปดาห์2,Tantangan Harian Mingguan Relik 2,Thử thách hàng ngày: Sáng tạo thay phiên 2
RelicConfig_13937_Desc,aJtG,z造物_RelicConfig_A.csv,199,RelicConfig,Desc,,这是个没有效果的周替造物2,This is a weekly Relic with no Effect 2,"Это создание без эффекта, неделя 2",Es un objeto de misión semanal sin efecto 2,これは効果のない週替わりのつくりもの2番です,이것은 효과가 없는 주간 대체 조물주 2입니다,C'est un objet de quête hebdomadaire sans effet 2,Das ist ein wirksames Wochenrelikt 2,É um item de missão semanal sem efeito 2,นี่คือสิ่งสร้างที่ไม่มีผลในเปลี่ยนสัปดาห์ 2,Ini adalah Relik pengganti mingguan tanpa Efek 2,Đây là một vật phẩm xoay tua hàng tuần không có hiệu ứng 2
RelicConfig_13937_BattleDesc,aJtF,z造物_RelicConfig_A.csv,199,RelicConfig,BattleDesc,,这是个没有效果的周替造物2,This is a weekly Relic with no Effect 2,"Это создание без эффекта, неделя 2",Es un objeto de misión semanal sin efecto 2,これは効果のない週替わりのつくりもの2番です,이것은 효과가 없는 주간 대체 조물주 2입니다,C'est un objet de quête hebdomadaire sans effet 2,Das ist ein wirksames Wochenrelikt 2,É um item de missão semanal sem efeito 2,นี่คือสิ่งสร้างที่ไม่มีผลในเปลี่ยนสัปดาห์ 2,Ini adalah Relik pengganti mingguan tanpa Efek 2,Đây là một vật phẩm xoay tua hàng tuần không có hiệu ứng 2
RelicConfig_13936_Name,aJtD,z造物_RelicConfig_A.csv,200,RelicConfig,Name,,日常挑战周替造物3,Daily Challenge - Weekly Relic 3,Еженедельные испытания повседневной жизни: Создание 3,"Desafío diario, creación semanal 3",日常チャレンジ週替造物3,일상 도전 주간 대체 조물주 3,Défi quotidien Création hebdomadaire 3,Wöchentliche Herausforderung 3,Desafio Diário Substituto 3,ภารกิจประจำวันท้าทายรายสัปดาห์หมุนเวียน สิ่งสร้างชุดที่ 3,Tantangan Harian Mingguan Relik 3,Thử thách hàng ngày: Sáng tạo theo tuần 3
RelicConfig_13936_Desc,aJtC,z造物_RelicConfig_A.csv,200,RelicConfig,Desc,,这是个没有效果的周替造物3,This is a weekly Relic with no Effect 3,Это создание без эффекта недельной замены 3,Es un objeto de misión semanal sin efecto 3,これは効果のない週替わりのつくりものです,이것은 3 주간 대체 창조로 효과가 없습니다.,C'est un objet de quête hebdomadaire sans effet 3,Das ist ein wirksames Wochenrelikt 3,É um item de missão semanal sem efeito 3,นี่คือสิ่งสร้างที่ไม่มีผลประจำสัปดาห์ 3,Ini adalah Relik pengganti mingguan tanpa Efek 3,Đây là sáng tạo thay thế hàng tuần không hiệu ứng 3
RelicConfig_13936_BattleDesc,aJtB,z造物_RelicConfig_A.csv,200,RelicConfig,BattleDesc,,这是个没有效果的周替造物3,This is a weekly Relic with no Effect 3,Это создание без эффекта недельной замены 3,Es un objeto de misión semanal sin efecto 3,これは効果のない週替わりのつくりものです,이것은 3 주간 대체 창조로 효과가 없습니다.,C'est un objet de quête hebdomadaire sans effet 3,Das ist ein wirksames Wochenrelikt 3,É um item de missão semanal sem efeito 3,นี่คือสิ่งสร้างที่ไม่มีผลประจำสัปดาห์ 3,Ini adalah Relik pengganti mingguan tanpa Efek 3,Đây là sáng tạo thay thế hàng tuần không hiệu ứng 3
RelicConfig_13906_Name,aJrn,z造物_RelicConfig_A.csv,201,RelicConfig,Name,,日常挑战周替造物4,Daily Challenge Weekly Replacement Relic 4,Еженедельная смена повседневных вызовов создания 4,"Desafío diario, creación semanal 4",日常チャレンジ週替造物4,일상 도전 주간 대체 조물 4,Défi quotidien Création hebdomadaire 4,Wöchentliche Herausforderung 4,Desafio Diário Substituto 4,ภารกิจประจำวัน สิ่งสร้างรายสัปดาห์ 4,Tantangan Harian Mingguan Relik 4,Thử thách hàng ngày hàng tuần thay phiên vật phẩm sáng tạo 4
RelicConfig_13906_Desc,aJrm,z造物_RelicConfig_A.csv,201,RelicConfig,Desc,,这是个没有效果的周替造物4,This is a weekly Relic with no Effect 4,Это создание без эффекта 4 с недельной заменой,Es un objeto de misión semanal sin efecto 4,これは効果のない週替わりのアイテム4です,이것은 4번의 효과가 없는 주간 대체 창조입니다,C'est un objet de quête hebdomadaire sans effet 4,Das ist ein wirksames Wochenrelikt 4,É um item de missão semanal sem efeito 4,นี่คือสิ่งสร้างที่ไม่มีผลและเปลี่ยนสัปดาห์ละครั้ง4,Ini adalah Relik pengganti mingguan tanpa Efek 4,Đây là một tạo vật 4 không có hiệu ứng
RelicConfig_13906_BattleDesc,aJrl,z造物_RelicConfig_A.csv,201,RelicConfig,BattleDesc,,这是个没有效果的周替造物4,This is a weekly Relic with no Effect 4,Это создание без эффекта 4 с недельной заменой,Es un objeto de misión semanal sin efecto 4,これは効果のない週替わりのアイテム4です,이것은 4번의 효과가 없는 주간 대체 창조입니다,C'est un objet de quête hebdomadaire sans effet 4,Das ist ein wirksames Wochenrelikt 4,É um item de missão semanal sem efeito 4,นี่คือสิ่งสร้างที่ไม่มีผลและเปลี่ยนสัปดาห์ละครั้ง4,Ini adalah Relik pengganti mingguan tanpa Efek 4,Đây là một tạo vật 4 không có hiệu ứng
RelicConfig_13934_Name,aJtv,z造物_RelicConfig_A.csv,202,RelicConfig,Name,,日常挑战周替造物5,Daily Challenge Weekly Replacement Relic 5,Повседневная жизнь: вызов - создание 5,"Desafío diario, creación semanal 5",日常チャレンジ週替つくりものの5,일상 도전 주간 대체 조물주 5개,Défi quotidien Création hebdomadaire 5,Wöchentliche Herausforderung 5,Desafio Diário Substituto 5,ภารกิจประจำวันสัปดาห์: สร้างสิ่งสร้าง 5,Tantangan Harian Mingguan Relik 5,Thử thách hàng ngày tuần tự - sáng tạo 5
RelicConfig_13934_Desc,aJtu,z造物_RelicConfig_A.csv,202,RelicConfig,Desc,,这是个没有效果的周替造物5,This is a weekly Relic with no Effect 5,Это создание недельной замены без эффекта 5,Es un objeto de misión semanal sin efecto 5,これは効果のない週替わりのつくりもの 5です,이것은 효과가 없는 주간 대체 창조 5 입니다,C'est un objet de quête hebdomadaire sans effet 5,Das ist ein wirksames Wochenrelikt 5,É um item de missão semanal sem efeito 5,นี่คือสิ่งสร้างที่ไม่มีผลในรอบสัปดาห์ที่ 5,Ini adalah Relik penggantian mingguan tanpa Efek 5.,"Đây là một sáng tạo thay thế hàng tuần số 5, không có hiệu ứng"
RelicConfig_13934_BattleDesc,aJtt,z造物_RelicConfig_A.csv,202,RelicConfig,BattleDesc,,这是个没有效果的周替造物5,This is a weekly Relic with no Effect 5,Это создание недельной замены без эффекта 5,Es un objeto de misión semanal sin efecto 5,これは効果のない週替わりのつくりもの 5です,이것은 효과가 없는 주간 대체 창조 5 입니다,C'est un objet de quête hebdomadaire sans effet 5,Das ist ein wirksames Wochenrelikt 5,É um item de missão semanal sem efeito 5,นี่คือสิ่งสร้างที่ไม่มีผลในรอบสัปดาห์ที่ 5,Ini adalah Relik penggantian mingguan tanpa Efek 5.,"Đây là một sáng tạo thay thế hàng tuần số 5, không có hiệu ứng"
RelicConfig_13933_Name,aJtr,z造物_RelicConfig_A.csv,203,RelicConfig,Name,,日常挑战周替造物6,Daily Challenge - Weekly Relic 6,"Повседневная жизнь: еженедельные вызовы, создание 6","Desafío diario, creación semanal 6",日常チャレンジ週替造物6,일상 도전 주간 대체 창조 6,Défi quotidien Création hebdomadaire 6,Wöchentliche Herausforderung 6,Desafio Diário Substituto 6,ภารกิจประจำวันท้าทาย สิ่งสร้างประจำสัปดาห์ที่ 6,Tantangan Harian Mingguan Relik 6,Sáng tạo thay thế hàng tuần 6
RelicConfig_13933_Desc,aJtq,z造物_RelicConfig_A.csv,203,RelicConfig,Desc,,这是个没有效果的周替造物6,This is a weekly Relic with no Effect 6,Это недельная замена создания 6,Es un objeto de misión semanal sin efecto 6,これは効果のない週替わりのつくりものです6,6번 주간 대체 창조는 효과가 없습니다.,C'est un objet de quête hebdomadaire sans effet 6,Das ist ein wirksames Wochenrelikt 6,É um item de missão semanal sem efeito 6,นี่คือสิ่งสร้างที่ไม่มีผลในรอบการเปลี่ยนสัปดาห์ที่ 6,Ini adalah Relik pengganti mingguan tanpa Efek 6,Đây là một sáng tạo thay thế hàng tuần 6 không có hiệu ứng
RelicConfig_13933_BattleDesc,aJtp,z造物_RelicConfig_A.csv,203,RelicConfig,BattleDesc,,这是个没有效果的周替造物6,This is a weekly Relic with no Effect 6,Это недельная замена создания 6,Es un objeto de misión semanal sin efecto 6,これは効果のない週替わりのつくりものです6,6번 주간 대체 창조는 효과가 없습니다.,C'est un objet de quête hebdomadaire sans effet 6,Das ist ein wirksames Wochenrelikt 6,É um item de missão semanal sem efeito 6,นี่คือสิ่งสร้างที่ไม่มีผลในรอบการเปลี่ยนสัปดาห์ที่ 6,Ini adalah Relik pengganti mingguan tanpa Efek 6,Đây là một sáng tạo thay thế hàng tuần 6 không có hiệu ứng
RelicConfig_13753_Name,aJgf,z造物_RelicConfig_A.csv,205,RelicConfig,Name,,任务造物测试,Mission Relic Test,Тестирование задачи создания,Prueba de creación de misión,任務 つくりもの テスト,미션 제작 테스트,Test de création de mission,Aufgabenkreationstest,Teste de criação da missão,ภารกิจทดลองสิ่งสร้าง,Misi Uji Ciptaan,Kiểm tra nhiệm vụ sáng tạo
RelicConfig_13753_Desc,aJge,z造物_RelicConfig_A.csv,205,RelicConfig,Desc,,这是个没有效果的任务造物,This is a task relic with no effect.,Это предмет задания без эффекта,Es un objeto de misión sin efecto,これは効果のない任務のつくりものです,이 조물주는 태스크에 효과가 없습니다.,C'est un objet de quête sans effet,Das ist ein wirksames Auftragrelikt,É um item de missão sem efeito,นี่คือสิ่งสร้างที่ไม่ได้มีผลลัพธ์,Ini adalah Relik tanpa Efek.,Đây là một tạo vật nhiệm vụ không có hiệu ứng
RelicConfig_13753_BattleDesc,aJgd,z造物_RelicConfig_A.csv,205,RelicConfig,BattleDesc,,这是个没有效果的任务造物,This is a task relic with no effect,Это предмет задания без эффекта,Es un objeto de misión sin efecto,これは効果のない任務のつくりものです,이 조물주는 태스크에 효과가 없습니다.,C'est un objet de quête sans effet,Das ist ein wirksames Auftragrelikt,É um item de missão sem efeito,นี่คือสิ่งสร้างที่ไม่ได้มีผลลัพธ์,Ini adalah Relik tanpa Efek.,Đây là một tạo vật nhiệm vụ không có hiệu ứng
RelicConfig_13753_StoryDesc,aJgg,z造物_RelicConfig_A.csv,205,RelicConfig,StoryDesc,,需要补充内容的造物,A Relic that requires additional content,"Создание, которому нужно дополнить содержание",Requiere contenido adicional para la creación,必要なつくりもの,보완이 필요한 창조물,Nécessite une création avec contenu supplémentaire,Ergänze den Inhalt des Artefakts,Criação que precisa de conteúdo adicional,สิ่งสร้างที่ต้องเพิ่มเติม,Relik yang memerlukan konten tambahan,Cần bổ sung sáng tạo
RelicConfig_13838_Name,aJmv,z造物_RelicConfig_A.csv,206,RelicConfig,Name,,任务造物测试2,Mission Relic Test 2,Задача создания тест 2,Prueba de creación de misión 2,任務つくりものテスト2,미션 제작 테스트 2,Test de création de mission 2,Aufgabenkreationstest 2,Teste de criação da missão 2,ภารกิจทดสอบสิ่งสร้าง 2,Misi Uji Ciptaan 2,Nhiệm vụ tạo vật thử nghiệm 2
RelicConfig_13838_Desc,aJmu,z造物_RelicConfig_A.csv,206,RelicConfig,Desc,,这是个没有效果的任务造物2,This is a task Relic with no Effect 2,Это задача без эффекта создание 2,Es un objeto de misión sin efecto 2,これは効果のない任務のつくりもの2です,이는 효과가 없는 태스크 조물주2입니다,C'est un objet de quête sans effet 2,Das ist ein wirksames Auftragrelikt 2,É um item de missão sem efeito 2,สิ่งสร้างที่ไม่มีผล 2,Ini adalah Relik tanpa Efek 2,Đây là một Tạo Vật Nhiệm Vụ không mang lại hiệu ứng 2
RelicConfig_13838_BattleDesc,aJmt,z造物_RelicConfig_A.csv,206,RelicConfig,BattleDesc,,这是个没有效果的任务造物2,This is a task Relic with no Effect 2,Это задача без эффекта создание 2,Es un objeto de misión sin efecto 2,これは効果のない任務のつくりもの2です,이는 효과가 없는 태스크 조물주2입니다,C'est un objet de quête sans effet 2,Das ist ein wirksames Auftragrelikt 2,É um item de missão sem efeito 2,สิ่งสร้างที่ไม่มีผล 2,Ini adalah Relik tanpa Efek 2,Đây là một Tạo Vật Nhiệm Vụ không mang lại hiệu ứng 2
RelicConfig_13838_StoryDesc,aJmw,z造物_RelicConfig_A.csv,206,RelicConfig,StoryDesc,,需要补充内容的造物,A Relic that requires additional content,"Создание, которому нужно дополнить содержание",Requiere contenido adicional para la creación,必要なつくりもの,보완이 필요한 창조물,Nécessite une création avec contenu supplémentaire,Ergänze den Inhalt des Artefakts,Criação que precisa de conteúdo adicional,สิ่งสร้างที่ต้องเพิ่มเติม,Relik yang memerlukan konten tambahan,Cần bổ sung sáng tạo
,,,,,,,,,,,,,,,,,,
RelicConfig_13892_Name,aJqn,z造物_RelicConfig_A.csv,175,RelicConfig,Name,,<WhiteQuality:破旧的日记本>,<WhiteQuality:Tattered Diary>,<WhiteQuality:потрепанный дневник>,<WhiteQuality:Diario viejo>,<WhiteQuality:ぼろぼろの日記帳>,<WhiteQuality:낡은 일기장>,<WhiteQuality:Journal usé>,<WhiteQuality:Altes Tagebuch>,<WhiteQuality:Diário Velho>,<WhiteQuality:สมุดบันทึกเก่าและชำรุด>,<WhiteQuality:Buku Harian Usang>,<WhiteQuality:sổ tay cũ kỹ>
RelicConfig_13892_Desc,aJqm,z造物_RelicConfig_A.csv,175,RelicConfig,Desc,,获得一个任务。完成任务后，获得奖励。【任务事件占位】,Gain a quest. Complete the quest to receive rewards. [Event Placeholder],Получите задачу. После её завершения вы получите награду. 《Заполнитель события задачи》,"Obtener una misión. Al completarla, obtener recompensa. 【Evento de misión de marcador】",任務を獲得する。任務を完了すると、報酬を獲得する。【イベントプレースホルダー】,"태스크를 하나 획득합니다. 태스크를 완료한 후, 보상을 획득합니다. 【태스크 이벤트 플레이스홀더】",Obtenir une quête. Terminer la quête pour obtenir une récompense. 【Événement de quête en attente】,Erhalte eine Aufgabe. Nach Abschluss der Aufgabe erhältst du eine Belohnung. 【Ereignis-Platzhalter für die Aufgabe】,Obtenha uma missão. Complete a missão para ganhar recompensas. 【Espaço reservado para evento de missão】,ได้รับภารกิจหนึ่ง หลังจากเสร็จสิ้นภารกิจ จะได้รับรางวัล (เหตุการณ์ภารกิจตัวยึดตำแหน่ง),"Menerima sebuah misi. Setelah menyelesaikan misi, terima hadiah. [Acara Misi]",Nhận được một nhiệm vụ. Hoàn thành nhiệm vụ và nhận được phần thưởng. [Nhiệm vụ sự kiện]
RelicConfig_13892_BattleDesc,aJql,z造物_RelicConfig_A.csv,175,RelicConfig,BattleDesc,,获得一个任务。完成任务后，获得奖励。【任务事件占位】,"Obtain a task. Upon completing the task, receive a reward. [Task Event Placeholder]",Получите задачу. После её завершения вы получите награду. 《Заполнитель события задачи》,"Obtener una misión. Al completarla, obtener recompensa. 【Evento de misión de marcador】",任務を獲得する。任務を完了すると、報酬を獲得する。【イベントプレースホルダー】,"태스크를 하나 획득합니다. 태스크를 완료한 후, 보상을 획득합니다. 【태스크 이벤트 플레이스홀더】",Obtenir une quête. Terminer la quête pour obtenir une récompense. 【Événement de quête en attente】,Erhalte eine Aufgabe. Nach Abschluss der Aufgabe erhältst du eine Belohnung. 【Ereignis-Platzhalter für die Aufgabe】,Obtenha uma missão. Complete a missão para ganhar recompensas. 【Espaço reservado para evento de missão】,ได้รับภารกิจหนึ่ง หลังจากเสร็จสิ้นภารกิจ จะได้รับรางวัล (เหตุการณ์ภารกิจตัวยึดตำแหน่ง),"Menerima sebuah misi. Setelah menyelesaikan misi, terima hadiah. [Acara Misi]",Nhận được một nhiệm vụ. Hoàn thành nhiệm vụ và nhận được phần thưởng. [Nhiệm vụ sự kiện]
RelicConfig_13892_StoryDesc,aJqo,z造物_RelicConfig_A.csv,175,RelicConfig,StoryDesc,,一本破旧的日记本，内页中塞满了夹页，粗看至少包含艾尔沃斯地图、实验记录、布满三角融蚀痕的信笺。\n笔记前段的内容字迹工整端正，后续却逐步潦草凌乱。,"An old diary stuffed with inserts, including maps of Elworth, experiment logs, and letters marked with triangular D-Marks.\nThe handwriting at the beginning is neat and tidy, but gradually becomes messy and chaotic.","Потрепанный дневник, внутренние страницы которого заполнены вкладками, на первый взгляд содержат как минимум карту Элвортса, записи экспериментов, а также письма с треугольными следами растворения.\nПервая часть заметок написана аккуратным и четким почерком, однако последующие записи постепенно становятся небрежными и хаотичными.","Un viejo diario, cuyas páginas están llenas de insertos, que a simple vista contiene al menos un mapa de elworth, registros de experimentos y cartas llenas de d-marcas.\nEl contenido de las primeras notas está muy bien escrito, mientras que el resto se vuelve cada vez más desordenado",古びた日記帳に、中には挟み込みページが詰まっている。ざっと見ただけでも、エルワースの地図、実験記録、三角形の融食痕がついた手紙などが含まれている。\nノートの前半部分は字跡が整然としているが、後半は次第に乱雑になっている。,"낡은 일기장으로, 내부에는 여러 장의 삽입물이 들어차 있으며, 대략적으로 엘워스 지도, 실험 기록, 융화자국이 있는 편지 등이 포함되어 있습니다. \n노트의 앞부분은 글씨가 정갈하고 단정하지만, 뒷부분은 점점 어지럽고 무질서해집니다.","Un vieux carnet de notes, rempli de pages insérées, contient au moins une carte d'Elworth, des enregistrements d'expérimentation et du papier griffonné de marques de dissolution.\nLes premiers mots des notes sont soigneusement écrits, mais deviennent progressivement brouillons et désordonnés","Ein altes Tagebuch, vollgestopft mit Beilagen, enthält auf den ersten Blick Karten von Elworth, Experimentaufzeichnungen und Briefe mit Dreieckskorrosionsspuren.\nDie Schrift am Anfang ist ordentlich, wird aber zunehmend schlampig","Um caderno de notas velho, recheado de páginas grudadas, que ao olhar superficialmente contém pelo menos um mapa de Elworth, notas de experimentos e folhas cheias de marcas triangulares de dissolução.\nO conteúdo no início das anotações é escrito de maneira organizada, mas ao longo do tempo se torna gradualmente confuso e desordenado",สมุดบันทึกเก่าชำรุด ภายในหน้ากระดาษถูกแทรกไว้เต็มไปด้วยแผ่นกระดาษเพิ่มเติม เบื้องต้นพบว่ามีอย่างน้อยแผนที่เอลวอส บันทึกการทดลอง และจดหมายที่เต็มไปด้วยรอยละลายจากการหลอมกร่อน \nเนื้อหาในตอนต้นของบันทึกเขียนด้วยลายมือที่เรียบร้อยและชัดเจน แต่กลับค่อยๆ กลายเป็นลายมือที่ไม่เป็นระเบียบในตอนหลัง,"Sebuah buku harian tua yang halamannya penuh dengan sisipan, sekilas terlihat setidaknya berisi peta Elworth, catatan eksperimen, dan surat-surat dengan D-marka. \n Catatan di bagian awal tertulis rapi dan teratur, namun semakin ke belakang menjadi semakin berantakan.","Một cuốn nhật ký cũ kỹ, bên trong chứa đầy các trang chèn, nhìn qua có ít nhất bản đồ Elworth, ghi chép thí nghiệm, và những bức thư có dấu ăn mòn hình tam giác. \nNội dung phần đầu của ghi chép có chữ viết gọn gàng, sau đó dần trở nên lộn xộn."
,,,,,,,,,,,,,,,,,,
RelicConfig_13782_Name,aJin,z造物_RelicConfig_A.csv,8,RelicConfig,Name,,测试造物,Test Relic,,,,,,,,,,
RelicConfig_13782_Desc,aJim,z造物_RelicConfig_A.csv,8,RelicConfig,Desc,,免疫伤害,Immune to damage,,,,,,,,,,
RelicConfig_13782_BattleDesc,aJil,z造物_RelicConfig_A.csv,8,RelicConfig,BattleDesc,,免疫伤害,Immune to damage,,,,,,,,,,
